{
  "best_model": "random_forest",
  "metrics": {
    "accuracy": 0.8908888888888888,
    "f1": 0.7551122194513715,
    "roc_auc": 0.9287198269399646
  }
}