{
  "dummy": {
    "accuracy": 0.7373333333333333,
    "f1": 0.0
  },
  "logistic_regression": {
    "accuracy": 0.8162222222222222,
    "f1": 0.5717244950802693,
    "roc_auc": 0.8008904412072182
  },
  "decision_tree": {
    "accuracy": 0.8331111111111111,
    "f1": 0.6452527161076995,
    "roc_auc": 0.8338972216357682
  },
  "random_forest": {
    "accuracy": 0.8908888888888888,
    "f1": 0.7551122194513715,
    "roc_auc": 0.9287198269399646
  },
  "gradient_boosting": {
    "accuracy": 0.8884444444444445,
    "f1": 0.7586538461538461,
    "roc_auc": 0.9116552894584122
  }
}